"SNP","X52","X96","X133","X27","X104","X159","X204","X18","X128","X121","X140"
"14057748|F|0-21:C>T-21:C>T","-","0","0","0","0","-","0","-","-","-","0"
"14073404|F|0-63:T>G-63:T>G","0","0","0","0","0","0","0","0","0","0","0"
"14077008|F|0-16:T>A-16:T>A","0","0","0","0","0","0","0","0","0","0","0"
"14078118|F|0-12:C>A-12:C>A","0","2","0","0","0","0","0","2","0","0","0"
"100008216|F|0-12:A>T-12:A>T","0","0","0","-","-","-","-","0","-","0","0"
"100008218|F|0-5:A>G-5:A>G","1","-","1","1","1","1","1","1","1","-","1"
"14054501|F|0-5:A>G-5:A>G","0","0","0","0","0","-","0","0","0","-","0"
"14073415|F|0-19:T>C-19:T>C","0","0","0","-","-","0","1","0","-","0","0"
"14054506|F|0-35:C>T-35:C>T","0","-","0","0","0","0","0","0","0","0","0"
"14073423|F|0-68:T>C-68:T>C","0","0","0","0","0","0","-","0","0","0","0"
"14081570|F|0-10:G>A-10:G>A","0","0","0","0","0","0","0","0","0","2","0"
"14073469|F|0-19:T>A-19:T>A","0","0","0","1","2","-","0","-","-","0","0"
"14054551|F|0-41:C>T-41:C>T","0","0","0","0","0","0","0","0","0","0","0"
"100008286|F|0-10:C>A-10:C>A","0","-","0","0","0","0","0","0","2","0","0"
"14073500|F|0-23:T>C-23:T>C","0","0","-","0","0","0","0","0","0","0","0"
"14073501|F|0-52:T>A-52:T>A","0","0","-","0","0","-","0","0","0","-","0"
"100008297|F|0-53:A>G-53:A>G","0","-","0","0","0","0","0","0","0","0","0"
"14073519|F|0-35:C>T-35:C>T","0","0","0","0","0","0","0","0","0","0","0"
"14073528|F|0-47:T>G-47:T>G","0","0","0","0","2","0","0","0","0","0","0"
"14073537|F|0-39:T>C-39:T>C","0","0","0","0","0","0","0","0","0","0","0"
"100008347|F|0-58:G>T-58:G>T","0","0","0","0","0","0","0","0","0","0","0"
"14073583|F|0-47:C>G-47:C>G","0","2","0","0","0","-","0","0","0","0","0"
"100008363|F|0-42:A>G-42:A>G","0","0","0","0","0","-","0","0","0","-","0"
"14077691|F|0-49:C>G-49:C>G","0","0","0","1","0","0","-","-","1","-","0"
"14073589|F|0-33:T>G-33:T>G","1","1","1","1","1","1","1","2","1","1","1"
"14054663|F|0-27:T>C-27:T>C","0","0","0","-","0","0","0","0","0","-","1"
"14054667|F|0-48:G>T-48:G>T","0","0","0","0","0","0","0","0","0","-","0"
"14073596|F|0-20:C>T-20:C>T","0","0","0","0","0","0","0","0","0","0","0"
"100008386|F|0-59:T>C-59:T>C","0","0","0","0","0","0","0","0","0","0","0"
"100008389|F|0-50:A>G-50:A>G","0","0","0","0","0","0","0","0","0","0","0"
"14054693|F|0-32:A>T-32:A>T","0","0","0","0","0","0","0","0","0","-","0"
"14054708|F|0-67:C>A-67:C>A","0","-","0","0","0","0","-","-","-","0","0"
"100008412|F|0-67:C>A-67:C>A","0","0","0","0","-","0","0","0","0","0","0"
"100008415|F|0-42:T>C-42:T>C","0","0","0","0","0","0","0","0","0","0","0"
"14073644|F|0-8:T>C-8:T>C","0","0","0","0","0","-","0","0","2","0","0"
"14081641|F|0-68:T>A-68:T>A","0","0","0","0","0","0","0","0","0","0","0"
"100008436|F|0-37:A>G-37:A>G","1","1","1","1","1","1","1","1","1","1","1"
"14073671|F|0-22:C>T-22:C>T","0","0","0","0","2","0","1","0","0","0","0"
"100008444|F|0-49:G>A-49:G>A","0","0","0","0","0","0","0","-","0","0","0"
"100008446|F|0-67:G>T-67:G>T","1","1","1","-","1","1","1","-","1","1","1"
"14054769|F|0-21:A>G-21:A>G","0","-","0","0","0","0","0","0","0","0","0"
"100008454|F|0-68:G>A-68:G>A","0","0","-","0","0","0","0","0","0","-","-"
"14073688|F|0-31:A>G-31:A>G","0","0","0","0","0","0","0","-","-","0","0"
"14081651|F|0-25:T>C-25:T>C","0","0","0","0","0","0","0","0","1","0","1"
"14084615|F|0-60:A>G-60:A>G","0","0","-","0","0","0","0","0","0","0","-"
"100008493|F|0-61:A>G-61:A>G","1","-","1","1","1","1","1","1","-","1","1"
"100008495|F|0-50:A>G-50:A>G","0","0","0","0","0","0","0","0","0","0","0"
"100008500|F|0-35:A>C-35:A>C","0","2","-","0","0","1","0","-","2","1","0"
"100008505|F|0-6:T>A-6:T>A","1","-","-","-","-","-","-","-","1","-","1"
"100008515|F|0-23:G>A-23:G>A","0","0","0","0","0","0","0","0","0","0","0"
